{"open": 405.840576171875, "high": 412.3737487792969, "close": 407.8907775878906, "low": 398.600830078125, "volume": 28309046.0}